eleve_id,nom,prenom,sexe,date_naissance,date_inscription,statut
1,Yao,Issa,F,2011-10-15,2022-11-28,actif
2,Ouattara,Fatou,M,2004-05-07,2021-03-02,actif
3,Bamba,Adama,F,2004-04-05,2023-08-01,actif
4,Yao,Mariam,F,2007-04-02,2021-10-02,actif
5,Traoré,Issa,F,2004-05-20,2022-10-19,actif
6,Kouassi,Adama,M,2009-01-31,2023-02-24,abandonné
7,Bamba,Mariam,F,2011-11-30,2024-05-19,actif
8,Bamba,Mariam,M,2010-01-20,2021-01-05,abandonné
9,Yao,Fatou,M,2011-05-26,2020-09-01,actif
10,Koné,Issa,M,2009-11-12,2023-12-06,diplômé
11,Traoré,Ibrahim,F,2009-06-09,2020-09-19,actif
12,Yao,Awa,F,2007-12-15,2024-05-18,actif
13,Traoré,Fatou,F,2007-02-12,2022-04-07,actif
14,Traoré,Fatou,F,2004-09-10,2021-11-30,actif
15,Kouassi,Ibrahim,M,2005-05-10,2023-04-15,abandonné
16,Bamba,Awa,M,2011-03-01,2023-10-08,abandonné
17,Ouattara,Adama,M,2011-05-31,2024-03-15,actif
18,Kouassi,Seydou,F,2005-10-14,2021-11-19,actif
19,Kouassi,Issa,M,2007-01-05,2024-02-16,actif
20,Traoré,Seydou,F,2004-09-22,2024-04-17,actif
21,Diabaté,Adama,M,2005-12-11,2022-04-25,diplômé
22,Bamba,Aminata,F,2004-05-09,2020-12-12,abandonné
23,Koné,Fatou,F,2004-09-23,2023-05-16,actif
24,Kouassi,Awa,M,2004-06-26,2024-02-26,abandonné
25,Ouattara,Fatou,M,2008-09-09,2024-09-16,actif
26,Diabaté,Mariam,M,2009-02-25,2022-02-02,diplômé
27,Diabaté,Fatou,M,2004-03-23,2023-11-21,actif
28,Koné,Fatou,F,2008-04-08,2023-01-07,abandonné
29,Kouassi,Adama,M,2007-05-29,2021-02-21,diplômé
30,Ouattara,Adama,M,2005-11-25,2024-05-29,actif
31,Bamba,Adama,M,2009-06-05,2023-06-02,abandonné
32,Coulibaly,Seydou,F,2010-07-09,2021-11-05,actif
33,Ouattara,Mariam,F,2005-09-20,2022-08-28,actif
34,Koné,Aminata,M,2009-03-21,2022-12-29,actif
35,Diabaté,Aminata,F,2010-09-09,2024-05-10,diplômé
36,Bamba,Adama,M,2005-04-07,2023-05-18,diplômé
37,Ouattara,Awa,F,2009-09-17,2022-06-01,abandonné
38,Coulibaly,Seydou,F,2005-09-17,2021-10-25,abandonné
39,Coulibaly,Ibrahim,F,2005-04-13,2022-04-17,actif
40,Traoré,Awa,F,2010-02-09,2021-12-29,diplômé
41,Traoré,Issa,M,2005-09-30,2021-10-17,actif
42,Yao,Issa,M,2005-04-11,2023-03-25,actif
43,Koné,Awa,M,2010-12-25,2023-09-13,actif
44,Kouassi,Adama,F,2007-11-04,2023-10-12,abandonné
45,Ouattara,Ibrahim,M,2004-08-08,2021-07-29,abandonné
46,Ouattara,Ibrahim,M,2011-11-04,2024-07-03,actif
47,Kouassi,Seydou,M,2006-05-04,2022-06-17,actif
48,Yao,Ibrahim,F,2008-08-18,2020-10-11,abandonné
49,Diabaté,Issa,F,2006-06-27,2023-04-17,actif
50,Diabaté,Mariam,F,2006-03-04,2020-12-14,abandonné
51,Yao,Adama,M,2009-04-26,2021-03-21,diplômé
52,Diabaté,Ibrahim,M,2004-07-09,2021-11-24,actif
53,Traoré,Seydou,M,2009-03-03,2024-03-13,actif
54,Ouattara,Issa,F,2004-09-12,2023-02-27,abandonné
55,Yao,Mariam,F,2010-01-07,2021-03-29,abandonné
56,Ouattara,Fatou,M,2010-06-04,2022-03-17,actif
57,Kouassi,Fatou,F,2011-04-02,2023-10-17,diplômé
58,Coulibaly,Mariam,F,2004-01-14,2022-08-14,actif
59,Traoré,Issa,F,2005-08-17,2024-07-02,actif
60,Bamba,Seydou,F,2007-03-27,2022-10-11,abandonné
61,Traoré,Mariam,M,2011-05-13,2023-09-13,diplômé
62,Yao,Adama,F,2011-07-02,2021-11-28,actif
63,Bamba,Adama,F,2005-03-03,2022-06-29,abandonné
64,Coulibaly,Fatou,F,2007-08-07,2022-05-22,actif
65,Yao,Ibrahim,F,2009-09-03,2021-09-22,actif
66,Koné,Seydou,M,2007-08-18,2024-06-05,actif
67,Ouattara,Fatou,M,2009-03-20,2021-06-23,diplômé
68,Coulibaly,Ibrahim,F,2010-05-29,2021-05-16,actif
69,Ouattara,Ibrahim,F,2006-05-18,2023-09-10,actif
70,Diabaté,Aminata,F,2010-11-10,2021-05-26,actif
71,Koné,Adama,F,2010-03-06,2021-10-24,diplômé
72,Koné,Issa,F,2006-01-13,2021-04-23,actif
73,Coulibaly,Awa,F,2007-08-01,2024-04-27,abandonné
74,Koné,Issa,M,2011-08-30,2023-05-14,actif
75,Bamba,Awa,F,2007-08-01,2024-06-12,actif
76,Koné,Mariam,M,2009-06-30,2024-01-20,actif
77,Ouattara,Adama,M,2005-12-04,2022-03-28,abandonné
78,Ouattara,Ibrahim,F,2009-06-22,2020-10-19,diplômé
79,Yao,Seydou,M,2005-06-09,2023-10-26,actif
80,Ouattara,Awa,M,2010-06-13,2021-04-11,actif
81,Yao,Issa,M,2006-07-07,2023-03-10,actif
82,Ouattara,Ibrahim,M,2010-07-10,2024-03-26,actif
83,Bamba,Awa,M,2004-11-03,2024-08-02,actif
84,Kouassi,Awa,M,2007-09-13,2024-04-10,actif
85,Yao,Aminata,F,2005-07-02,2021-06-04,actif
86,Traoré,Awa,M,2009-04-27,2024-09-01,actif
87,Diabaté,Seydou,M,2006-10-09,2023-10-06,actif
88,Coulibaly,Adama,M,2005-07-15,2021-10-25,abandonné
89,Ouattara,Seydou,F,2009-02-03,2022-05-04,actif
90,Koné,Fatou,M,2007-02-21,2024-08-23,actif
91,Kouassi,Ibrahim,F,2010-04-22,2021-09-10,abandonné
92,Ouattara,Adama,M,2007-09-09,2020-11-12,actif
93,Koné,Aminata,F,2008-03-22,2023-07-21,actif
94,Diabaté,Adama,F,2004-08-19,2023-12-26,actif
95,Diabaté,Adama,M,2008-08-14,2024-06-19,actif
96,Diabaté,Issa,M,2006-08-21,2024-09-14,actif
97,Koné,Adama,F,2005-08-09,2021-03-14,actif
98,Ouattara,Aminata,M,2006-02-11,2023-11-24,diplômé
99,Diabaté,Seydou,F,2010-01-21,2023-12-10,actif
100,Bamba,Adama,F,2009-02-11,2022-12-26,actif
101,Yao,Mariam,F,2007-04-23,2023-08-01,actif
102,Koné,Ibrahim,F,2008-04-14,2023-08-23,actif
103,Koné,Adama,F,2011-07-11,2020-09-23,actif
104,Ouattara,Ibrahim,M,2008-01-17,2021-08-26,abandonné
105,Koné,Mariam,F,2010-04-30,2023-09-04,actif
106,Koné,Mariam,F,2008-05-08,2022-03-14,actif
107,Diabaté,Ibrahim,M,2010-05-10,2022-07-04,actif
108,Ouattara,Awa,F,2011-03-01,2023-10-17,actif
109,Diabaté,Fatou,M,2006-02-17,2024-07-05,diplômé
110,Yao,Issa,M,2007-01-29,2022-07-11,actif
111,Kouassi,Awa,M,2005-04-07,2024-04-06,actif
112,Yao,Awa,F,2009-01-10,2021-11-14,actif
113,Kouassi,Seydou,F,2005-08-30,2023-03-22,diplômé
114,Diabaté,Issa,F,2006-11-10,2020-09-07,actif
115,Yao,Issa,M,2009-08-20,2024-01-03,actif
116,Ouattara,Awa,F,2008-10-03,2021-10-26,abandonné
117,Coulibaly,Adama,M,2011-10-11,2022-12-12,abandonné
118,Diabaté,Seydou,F,2011-07-22,2023-12-31,actif
119,Kouassi,Seydou,M,2004-09-03,2022-03-13,actif
120,Bamba,Mariam,F,2006-10-17,2023-11-16,actif
121,Kouassi,Aminata,F,2006-09-21,2024-01-09,actif
122,Bamba,Issa,F,2007-08-02,2024-09-07,actif
123,Koné,Awa,M,2005-07-19,2023-03-03,actif
124,Yao,Mariam,M,2006-03-20,2024-08-13,actif
125,Bamba,Ibrahim,F,2006-12-09,2024-08-21,actif
126,Kouassi,Fatou,F,2008-12-09,2023-06-04,actif
127,Koné,Aminata,M,2008-06-21,2021-01-04,diplômé
128,Coulibaly,Aminata,M,2009-03-10,2021-09-30,actif
129,Ouattara,Aminata,M,2010-03-28,2022-11-26,actif
130,Ouattara,Seydou,F,2010-04-11,2023-01-29,actif
131,Ouattara,Ibrahim,M,2004-01-08,2022-03-30,diplômé
132,Bamba,Aminata,F,2010-11-29,2021-07-22,actif
133,Coulibaly,Ibrahim,M,2007-07-19,2024-07-17,actif
134,Bamba,Adama,F,2004-03-27,2023-03-19,actif
135,Yao,Aminata,M,2009-02-12,2024-09-03,actif
136,Bamba,Fatou,M,2008-04-18,2024-01-11,actif
137,Coulibaly,Ibrahim,M,2010-06-01,2022-12-12,actif
138,Coulibaly,Ibrahim,M,2005-01-17,2023-07-22,actif
139,Yao,Fatou,M,2008-05-12,2024-07-13,diplômé
140,Coulibaly,Aminata,F,2011-05-28,2024-08-28,actif
141,Kouassi,Fatou,M,2007-10-04,2022-12-16,actif
142,Coulibaly,Ibrahim,M,2008-08-19,2023-03-15,abandonné
143,Ouattara,Fatou,M,2007-11-10,2024-07-01,actif
144,Kouassi,Ibrahim,F,2007-08-16,2024-05-30,actif
145,Kouassi,Ibrahim,M,2007-05-19,2021-11-17,actif
146,Yao,Adama,F,2009-07-30,2020-11-14,actif
147,Traoré,Awa,M,2007-01-28,2022-03-11,diplômé
148,Traoré,Ibrahim,M,2007-02-20,2023-11-23,diplômé
149,Coulibaly,Aminata,F,2011-09-18,2024-08-24,actif
150,Kouassi,Mariam,M,2005-09-18,2021-08-29,actif
151,Traoré,Seydou,F,2004-12-15,2021-11-22,diplômé
152,Traoré,Issa,F,2006-12-18,2024-02-10,abandonné
153,Coulibaly,Awa,M,2011-01-08,2021-05-20,diplômé
154,Traoré,Awa,F,2004-11-15,2021-01-03,actif
155,Bamba,Awa,M,2007-05-18,2023-02-28,actif
156,Koné,Adama,M,2005-02-07,2021-05-03,abandonné
157,Yao,Ibrahim,F,2008-04-20,2022-02-24,actif
158,Koné,Adama,F,2005-08-08,2021-12-29,actif
159,Coulibaly,Ibrahim,F,2011-12-03,2020-12-31,actif
160,Ouattara,Aminata,F,2007-08-11,2021-01-03,actif
161,Yao,Adama,M,2005-05-16,2021-02-17,actif
162,Coulibaly,Adama,M,2010-09-13,2021-01-02,actif
163,Kouassi,Seydou,F,2005-12-26,2023-07-26,diplômé
164,Ouattara,Mariam,M,2007-11-25,2023-09-16,actif
165,Koné,Adama,M,2009-02-18,2022-06-08,abandonné
166,Coulibaly,Seydou,M,2010-10-19,2022-10-26,actif
167,Kouassi,Fatou,M,2005-11-20,2021-03-20,actif
168,Yao,Mariam,F,2006-03-19,2021-09-04,diplômé
169,Yao,Aminata,F,2006-04-15,2022-11-06,actif
170,Diabaté,Adama,M,2005-06-18,2020-11-16,actif
171,Kouassi,Issa,F,2009-08-05,2020-10-29,actif
172,Bamba,Awa,F,2008-04-28,2021-11-05,actif
173,Traoré,Fatou,F,2007-07-09,2022-05-31,abandonné
174,Ouattara,Fatou,M,2006-09-12,2020-12-18,diplômé
175,Kouassi,Aminata,M,2008-09-22,2023-06-05,actif
176,Diabaté,Seydou,M,2005-05-29,2024-03-25,actif
177,Traoré,Fatou,F,2011-06-13,2020-11-07,actif
178,Traoré,Mariam,M,2008-05-19,2023-08-29,abandonné
179,Coulibaly,Adama,M,2010-12-13,2023-12-03,actif
180,Traoré,Adama,F,2004-09-14,2021-07-02,actif
181,Bamba,Issa,M,2006-09-26,2022-07-06,actif
182,Yao,Aminata,M,2005-06-30,2021-08-31,actif
183,Diabaté,Awa,F,2011-06-09,2022-11-30,actif
184,Traoré,Seydou,F,2007-12-17,2024-07-04,abandonné
185,Coulibaly,Awa,F,2011-10-15,2021-08-09,actif
186,Bamba,Fatou,M,2009-10-15,2023-04-05,actif
187,Koné,Aminata,M,2010-08-14,2023-02-16,diplômé
188,Yao,Issa,M,2005-01-11,2024-06-09,abandonné
189,Yao,Awa,F,2007-01-10,2024-08-10,actif
190,Diabaté,Mariam,F,2009-09-28,2023-10-08,actif
191,Yao,Adama,M,2009-09-30,2022-10-02,actif
192,Traoré,Fatou,M,2005-07-02,2021-08-07,actif
193,Coulibaly,Issa,F,2010-06-02,2023-03-31,actif
194,Yao,Awa,F,2008-11-10,2021-09-18,actif
195,Yao,Seydou,F,2008-11-29,2023-06-01,actif
196,Koné,Mariam,F,2009-05-04,2021-06-27,abandonné
197,Koné,Mariam,M,2008-04-23,2021-01-17,actif
198,Ouattara,Awa,F,2004-10-04,2021-08-25,actif
199,Bamba,Adama,M,2009-08-01,2022-12-15,actif
200,Traoré,Awa,M,2009-06-21,2024-07-10,diplômé
201,Yao,Fatou,M,2007-10-15,2024-03-27,abandonné
202,Kouassi,Awa,F,2008-06-22,2021-12-27,abandonné
203,Yao,Mariam,F,2010-04-23,2023-02-26,abandonné
204,Coulibaly,Issa,F,2009-05-02,2023-10-10,diplômé
205,Ouattara,Awa,F,2011-02-01,2023-01-14,actif
206,Bamba,Adama,M,2010-08-10,2021-01-17,actif
207,Kouassi,Aminata,F,2004-04-28,2023-05-24,actif
208,Ouattara,Issa,F,2007-02-08,2021-11-09,abandonné
209,Diabaté,Seydou,M,2005-09-25,2022-01-22,abandonné
210,Bamba,Ibrahim,F,2010-08-21,2021-05-31,actif
211,Yao,Awa,M,2009-01-18,2023-09-28,actif
212,Yao,Adama,M,2004-05-28,2020-12-13,actif
213,Bamba,Issa,M,2006-05-29,2024-01-21,diplômé
214,Yao,Adama,M,2004-05-05,2022-10-02,actif
215,Traoré,Seydou,M,2004-10-28,2022-10-27,actif
216,Bamba,Mariam,M,2007-12-26,2021-02-12,actif
217,Ouattara,Adama,M,2005-08-26,2023-05-27,actif
218,Bamba,Issa,M,2006-05-15,2022-02-02,diplômé
219,Kouassi,Adama,F,2008-05-30,2024-03-31,actif
220,Yao,Adama,F,2008-08-23,2022-01-30,abandonné
221,Traoré,Adama,F,2010-08-12,2022-06-19,actif
222,Traoré,Fatou,F,2004-07-21,2022-05-06,actif
223,Diabaté,Fatou,M,2011-09-13,2021-02-11,actif
224,Ouattara,Mariam,F,2007-03-27,2020-11-03,abandonné
225,Koné,Awa,M,2011-05-30,2023-09-20,actif
226,Koné,Adama,F,2007-08-23,2023-10-16,actif
227,Bamba,Seydou,F,2008-12-10,2021-05-25,actif
228,Diabaté,Awa,F,2010-01-22,2023-11-08,diplômé
229,Coulibaly,Seydou,M,2010-12-14,2021-05-04,actif
230,Bamba,Awa,F,2010-10-12,2021-09-30,abandonné
231,Diabaté,Mariam,M,2006-09-26,2021-12-20,actif
232,Ouattara,Adama,M,2005-09-15,2023-05-05,actif
233,Ouattara,Adama,F,2006-01-29,2023-12-22,actif
234,Ouattara,Ibrahim,F,2009-08-01,2023-07-11,actif
235,Ouattara,Seydou,F,2009-10-10,2022-03-12,actif
236,Ouattara,Awa,M,2011-02-19,2023-06-15,actif
237,Diabaté,Awa,F,2005-04-05,2023-01-31,actif
238,Diabaté,Aminata,M,2008-03-28,2021-01-25,diplômé
239,Traoré,Aminata,M,2005-02-13,2022-06-28,actif
240,Kouassi,Fatou,F,2007-10-05,2024-04-20,abandonné
241,Koné,Ibrahim,F,2009-06-20,2022-05-13,actif
242,Yao,Issa,M,2004-07-07,2022-11-29,actif
243,Ouattara,Aminata,M,2004-12-18,2023-01-12,actif
244,Coulibaly,Issa,M,2008-07-02,2022-04-05,actif
245,Yao,Fatou,F,2007-01-03,2023-06-20,actif
246,Diabaté,Fatou,M,2011-07-10,2022-07-27,actif
247,Coulibaly,Fatou,F,2006-04-28,2024-02-04,actif
248,Coulibaly,Seydou,M,2007-01-19,2023-10-01,actif
249,Coulibaly,Seydou,M,2004-01-23,2024-08-11,diplômé
250,Traoré,Mariam,F,2004-01-30,2024-01-23,abandonné
251,Diabaté,Mariam,M,2011-10-22,2021-10-12,actif
252,Coulibaly,Fatou,F,2009-04-18,2021-10-04,actif
253,Ouattara,Ibrahim,F,2007-10-08,2022-08-16,actif
254,Bamba,Awa,M,2007-05-08,2022-08-05,actif
255,Coulibaly,Seydou,F,2004-08-16,2022-10-01,actif
256,Traoré,Ibrahim,F,2006-04-21,2022-01-12,actif
257,Yao,Adama,M,2008-05-15,2024-09-28,actif
258,Diabaté,Seydou,F,2010-12-28,2023-05-02,actif
259,Kouassi,Seydou,F,2008-07-04,2020-11-21,actif
260,Traoré,Mariam,F,2007-05-24,2022-04-27,abandonné
261,Coulibaly,Awa,M,2008-03-12,2022-10-12,abandonné
262,Diabaté,Awa,F,2004-05-08,2023-02-20,actif
263,Bamba,Aminata,M,2004-12-29,2021-08-31,diplômé
264,Coulibaly,Issa,M,2011-09-18,2021-02-10,diplômé
265,Traoré,Issa,F,2007-01-03,2023-08-08,actif
266,Koné,Issa,F,2011-04-14,2022-01-24,actif
267,Ouattara,Issa,F,2007-08-12,2024-05-15,actif
268,Kouassi,Adama,M,2010-11-16,2020-12-25,diplômé
269,Yao,Adama,F,2010-12-28,2023-03-30,diplômé
270,Traoré,Seydou,F,2009-12-20,2021-08-03,actif
271,Diabaté,Fatou,F,2007-01-10,2023-01-29,actif
272,Kouassi,Mariam,F,2006-10-29,2022-09-07,actif
273,Kouassi,Mariam,F,2008-08-18,2022-12-19,actif
274,Kouassi,Issa,M,2007-08-07,2021-01-25,actif
275,Coulibaly,Seydou,M,2005-03-07,2024-05-09,diplômé
276,Ouattara,Aminata,F,2009-04-22,2021-11-17,actif
277,Coulibaly,Ibrahim,F,2005-01-13,2022-12-16,abandonné
278,Diabaté,Fatou,F,2004-03-26,2023-07-04,diplômé
279,Coulibaly,Seydou,F,2010-08-22,2023-04-01,abandonné
280,Koné,Fatou,M,2008-03-30,2021-06-14,actif
281,Ouattara,Fatou,F,2007-11-10,2022-08-21,actif
282,Ouattara,Fatou,M,2005-02-23,2023-10-13,actif
283,Diabaté,Seydou,M,2008-01-12,2021-12-24,actif
284,Yao,Issa,F,2004-07-27,2020-09-22,actif
285,Koné,Mariam,M,2010-01-14,2024-06-04,actif
286,Traoré,Mariam,M,2006-05-01,2022-07-15,actif
287,Coulibaly,Issa,M,2009-01-20,2023-02-23,actif
288,Bamba,Fatou,M,2008-03-15,2021-07-17,actif
289,Coulibaly,Ibrahim,F,2008-08-30,2021-01-04,actif
290,Kouassi,Awa,F,2006-08-11,2021-06-04,abandonné
291,Coulibaly,Seydou,M,2008-03-10,2024-01-11,abandonné
292,Traoré,Awa,F,2004-11-07,2021-03-13,actif
293,Coulibaly,Aminata,F,2004-07-29,2022-07-28,actif
294,Koné,Issa,F,2006-04-11,2024-04-02,actif
295,Koné,Ibrahim,F,2009-07-05,2020-10-27,actif
296,Ouattara,Seydou,F,2007-05-12,2024-04-19,actif
297,Diabaté,Issa,M,2005-04-21,2023-12-01,diplômé
298,Yao,Fatou,F,2007-05-12,2020-09-19,actif
299,Bamba,Mariam,F,2008-01-20,2024-06-25,actif
300,Kouassi,Awa,F,2005-01-24,2021-05-22,actif
301,Coulibaly,Adama,F,2011-08-15,2022-11-03,actif
302,Coulibaly,Adama,M,2006-06-03,2020-12-22,actif
303,Traoré,Ibrahim,M,2006-10-20,2024-05-13,actif
304,Diabaté,Fatou,M,2009-08-18,2022-02-24,actif
305,Koné,Aminata,M,2005-11-06,2022-06-09,actif
306,Bamba,Awa,F,2004-12-24,2022-04-02,actif
307,Ouattara,Fatou,M,2005-07-21,2023-08-25,actif
308,Koné,Awa,F,2008-02-07,2024-04-08,actif
309,Kouassi,Ibrahim,F,2004-09-16,2020-09-25,diplômé
310,Diabaté,Ibrahim,F,2010-07-07,2020-09-01,actif
311,Kouassi,Aminata,F,2010-02-26,2023-02-28,actif
312,Yao,Adama,F,2011-01-20,2021-01-19,actif
313,Ouattara,Fatou,M,2010-09-30,2022-06-10,actif
314,Yao,Seydou,M,2006-04-29,2021-03-07,actif
315,Traoré,Adama,M,2005-03-12,2023-10-27,actif
316,Kouassi,Fatou,M,2010-01-04,2021-03-20,abandonné
317,Traoré,Adama,F,2007-08-09,2023-10-26,actif
318,Coulibaly,Seydou,M,2009-01-14,2021-05-15,actif
319,Yao,Mariam,F,2007-01-03,2022-03-01,actif
320,Diabaté,Mariam,M,2010-08-04,2021-03-13,diplômé
321,Kouassi,Aminata,F,2011-08-17,2022-08-04,actif
322,Bamba,Mariam,F,2009-12-02,2023-10-03,actif
323,Ouattara,Mariam,M,2008-07-04,2024-03-12,actif
324,Koné,Issa,F,2007-02-24,2022-11-11,actif
325,Diabaté,Awa,F,2011-09-11,2023-03-31,actif
326,Diabaté,Issa,M,2005-01-24,2024-07-09,actif
327,Traoré,Issa,F,2005-06-11,2024-03-07,actif
328,Yao,Aminata,M,2007-06-07,2021-10-19,actif
329,Kouassi,Issa,M,2010-03-23,2024-06-13,actif
330,Kouassi,Mariam,M,2011-06-08,2023-09-04,actif
331,Coulibaly,Seydou,F,2005-07-07,2024-06-10,diplômé
332,Coulibaly,Aminata,F,2008-02-29,2023-02-27,actif
333,Ouattara,Aminata,F,2004-10-31,2021-03-07,actif
334,Traoré,Ibrahim,M,2010-11-15,2024-04-06,actif
335,Diabaté,Aminata,F,2011-07-30,2020-10-15,actif
336,Kouassi,Ibrahim,M,2008-05-31,2020-11-22,abandonné
337,Bamba,Aminata,M,2011-04-19,2023-10-22,actif
338,Traoré,Awa,F,2009-03-17,2021-08-24,actif
339,Ouattara,Mariam,M,2008-01-30,2023-08-26,actif
340,Ouattara,Aminata,F,2010-11-10,2023-03-25,actif
341,Traoré,Mariam,F,2009-04-27,2021-09-10,actif
342,Ouattara,Mariam,F,2010-12-22,2021-02-09,actif
343,Traoré,Adama,F,2005-07-11,2024-07-05,actif
344,Koné,Aminata,F,2004-01-19,2024-06-13,abandonné
345,Traoré,Fatou,M,2010-06-22,2023-12-26,actif
346,Yao,Adama,M,2010-08-16,2021-07-19,abandonné
347,Traoré,Fatou,M,2005-12-16,2021-11-24,abandonné
348,Ouattara,Mariam,F,2006-07-02,2023-07-04,abandonné
349,Kouassi,Mariam,F,2005-04-23,2021-03-03,actif
350,Yao,Adama,F,2009-07-02,2020-12-20,actif
351,Ouattara,Adama,M,2005-05-26,2022-01-21,abandonné
352,Coulibaly,Fatou,F,2005-11-15,2024-04-06,actif
353,Coulibaly,Ibrahim,M,2004-04-25,2021-06-22,actif
354,Kouassi,Fatou,M,2005-04-23,2024-09-14,diplômé
355,Kouassi,Adama,F,2011-09-08,2023-02-21,diplômé
356,Yao,Seydou,F,2010-09-08,2024-01-22,actif
357,Koné,Adama,M,2011-10-30,2023-05-02,actif
358,Kouassi,Seydou,F,2004-11-08,2022-05-25,actif
359,Coulibaly,Awa,M,2007-04-28,2023-07-18,abandonné
360,Traoré,Adama,F,2006-10-28,2022-09-03,diplômé
361,Ouattara,Awa,F,2011-06-10,2024-02-07,actif
362,Coulibaly,Ibrahim,M,2004-07-16,2021-07-18,actif
363,Coulibaly,Fatou,F,2009-09-17,2023-03-02,diplômé
364,Koné,Seydou,M,2007-05-28,2024-02-09,actif
365,Yao,Fatou,F,2004-08-27,2021-11-11,actif
366,Yao,Awa,M,2004-02-16,2022-10-21,diplômé
367,Diabaté,Seydou,M,2006-07-17,2024-07-28,actif
368,Koné,Fatou,F,2010-02-16,2023-08-13,actif
369,Traoré,Adama,M,2011-03-19,2024-04-29,actif
370,Yao,Mariam,F,2009-05-04,2024-03-28,actif
371,Ouattara,Awa,F,2008-03-15,2022-08-27,abandonné
372,Kouassi,Fatou,F,2011-12-25,2020-10-01,actif
373,Koné,Awa,M,2008-05-16,2021-08-03,diplômé
374,Kouassi,Issa,M,2004-03-30,2021-03-02,actif
375,Coulibaly,Awa,F,2005-11-21,2023-07-14,actif
376,Ouattara,Seydou,F,2009-03-02,2022-02-26,actif
377,Ouattara,Issa,M,2007-05-18,2024-09-09,actif
378,Coulibaly,Aminata,F,2005-02-19,2023-09-03,actif
379,Koné,Seydou,F,2005-09-16,2023-07-01,actif
380,Coulibaly,Mariam,M,2011-04-17,2024-09-19,actif
381,Kouassi,Issa,F,2009-04-23,2022-06-22,actif
382,Diabaté,Aminata,M,2010-12-16,2021-02-07,abandonné
383,Ouattara,Adama,F,2004-09-10,2023-07-05,actif
384,Bamba,Awa,M,2004-04-27,2023-12-16,abandonné
385,Bamba,Fatou,F,2004-07-16,2021-10-17,actif
386,Kouassi,Ibrahim,F,2004-12-02,2023-06-09,actif
387,Traoré,Awa,M,2011-12-31,2020-10-23,actif
388,Yao,Aminata,F,2008-02-20,2021-10-13,actif
389,Coulibaly,Awa,M,2004-09-01,2022-12-26,actif
390,Coulibaly,Mariam,F,2008-02-04,2023-07-13,abandonné
391,Traoré,Adama,M,2008-10-28,2023-07-21,abandonné
392,Traoré,Ibrahim,M,2010-03-10,2022-08-04,actif
393,Kouassi,Issa,M,2004-12-14,2021-05-18,actif
394,Kouassi,Issa,M,2006-11-16,2024-01-12,abandonné
395,Traoré,Issa,F,2007-02-18,2023-08-19,actif
396,Ouattara,Aminata,F,2005-03-15,2022-10-16,abandonné
397,Kouassi,Seydou,M,2008-07-10,2024-09-29,abandonné
398,Diabaté,Seydou,M,2009-09-18,2023-07-03,abandonné
399,Kouassi,Fatou,M,2009-12-22,2024-04-06,actif
400,Coulibaly,Ibrahim,F,2007-03-11,2022-12-29,actif
401,Kouassi,Issa,F,2009-03-31,2021-08-20,actif
402,Ouattara,Seydou,F,2006-09-17,2023-09-04,actif
403,Traoré,Aminata,F,2009-05-06,2023-01-21,abandonné
404,Coulibaly,Fatou,M,2005-08-19,2024-09-04,actif
405,Kouassi,Adama,M,2005-10-22,2023-05-19,actif
406,Ouattara,Fatou,M,2008-05-08,2024-02-17,diplômé
407,Diabaté,Seydou,F,2004-10-06,2023-06-15,abandonné
408,Kouassi,Mariam,F,2010-11-09,2023-11-22,diplômé
409,Ouattara,Aminata,F,2006-04-10,2023-09-25,abandonné
410,Diabaté,Mariam,M,2008-11-21,2021-06-21,actif
411,Traoré,Issa,M,2006-10-24,2021-03-28,actif
412,Kouassi,Mariam,F,2004-06-30,2024-05-29,diplômé
413,Diabaté,Issa,M,2011-06-23,2023-09-17,actif
414,Coulibaly,Issa,F,2009-11-12,2022-11-27,actif
415,Traoré,Seydou,F,2009-12-30,2021-09-25,actif
416,Coulibaly,Mariam,M,2010-07-07,2021-07-22,actif
417,Bamba,Issa,F,2004-02-26,2023-03-29,abandonné
418,Koné,Ibrahim,M,2008-01-31,2023-02-06,actif
419,Kouassi,Adama,F,2010-03-25,2023-11-25,actif
420,Diabaté,Fatou,M,2004-05-31,2022-06-30,actif
421,Koné,Fatou,M,2007-02-05,2022-05-26,actif
422,Koné,Seydou,M,2005-08-01,2022-03-31,actif
423,Diabaté,Mariam,F,2010-12-30,2021-01-15,actif
424,Traoré,Mariam,F,2010-04-16,2021-11-02,diplômé
425,Kouassi,Issa,M,2008-12-07,2024-09-15,actif
426,Bamba,Aminata,M,2006-08-08,2022-05-05,actif
427,Coulibaly,Awa,F,2007-06-12,2023-02-28,actif
428,Ouattara,Issa,F,2008-08-07,2022-11-28,actif
429,Coulibaly,Adama,F,2004-09-26,2021-01-19,actif
430,Ouattara,Ibrahim,M,2004-04-29,2023-09-12,abandonné
431,Coulibaly,Fatou,F,2004-12-01,2021-02-24,actif
432,Diabaté,Issa,F,2011-07-01,2021-03-17,abandonné
433,Bamba,Awa,M,2004-04-15,2022-05-17,actif
434,Kouassi,Awa,F,2006-08-05,2022-07-23,actif
435,Ouattara,Issa,F,2007-07-24,2024-08-15,actif
436,Kouassi,Seydou,F,2009-03-11,2021-10-06,diplômé
437,Kouassi,Fatou,M,2005-02-13,2021-12-15,actif
438,Kouassi,Seydou,M,2006-11-25,2021-04-06,actif
439,Yao,Ibrahim,M,2006-10-28,2023-03-18,actif
440,Traoré,Awa,M,2011-08-16,2022-05-25,actif
441,Coulibaly,Awa,M,2009-07-03,2023-04-09,actif
442,Kouassi,Adama,M,2009-04-17,2023-02-23,actif
443,Coulibaly,Ibrahim,M,2005-03-25,2021-02-22,actif
444,Kouassi,Awa,F,2005-12-04,2020-09-23,actif
445,Ouattara,Ibrahim,F,2009-09-07,2021-04-23,actif
446,Traoré,Fatou,M,2004-12-28,2023-07-04,abandonné
447,Traoré,Mariam,F,2006-01-21,2023-09-30,abandonné
448,Diabaté,Awa,F,2008-07-14,2023-03-18,abandonné
449,Yao,Adama,M,2005-06-27,2022-02-05,actif
450,Diabaté,Fatou,F,2011-01-07,2024-09-15,actif
451,Diabaté,Issa,F,2011-03-11,2021-11-05,actif
452,Diabaté,Ibrahim,F,2005-05-07,2022-11-02,actif
453,Diabaté,Issa,F,2009-06-09,2022-02-15,actif
454,Diabaté,Seydou,F,2007-09-05,2023-05-07,actif
455,Bamba,Fatou,M,2008-07-21,2024-04-09,actif
456,Traoré,Issa,M,2008-05-27,2022-11-19,actif
457,Diabaté,Aminata,M,2005-05-23,2023-03-02,diplômé
458,Kouassi,Aminata,F,2004-07-17,2023-09-30,actif
459,Traoré,Awa,M,2007-06-03,2024-04-20,actif
460,Traoré,Ibrahim,F,2008-05-21,2023-01-19,actif
461,Koné,Mariam,F,2005-11-09,2022-02-22,actif
462,Bamba,Fatou,F,2011-06-14,2023-06-21,actif
463,Diabaté,Awa,F,2008-11-09,2024-06-10,diplômé
464,Coulibaly,Adama,M,2010-01-21,2024-04-19,diplômé
465,Ouattara,Seydou,M,2007-03-23,2021-04-15,actif
466,Yao,Ibrahim,F,2007-03-10,2024-02-12,diplômé
467,Kouassi,Fatou,M,2010-05-11,2023-01-21,diplômé
468,Coulibaly,Aminata,F,2006-03-28,2023-02-09,abandonné
469,Bamba,Fatou,M,2011-08-06,2024-09-18,abandonné
470,Ouattara,Mariam,M,2010-11-01,2023-07-04,actif
471,Bamba,Aminata,F,2009-12-11,2021-03-29,actif
472,Kouassi,Mariam,M,2009-12-07,2022-09-11,actif
473,Traoré,Adama,F,2005-06-10,2021-10-02,actif
474,Ouattara,Seydou,M,2007-06-27,2023-09-29,diplômé
475,Traoré,Adama,F,2006-04-27,2020-10-01,actif
476,Kouassi,Awa,F,2006-07-15,2023-02-15,abandonné
477,Coulibaly,Awa,M,2008-11-22,2022-06-11,abandonné
478,Kouassi,Adama,M,2008-03-26,2021-07-26,diplômé
479,Coulibaly,Seydou,F,2010-10-16,2023-12-04,diplômé
480,Ouattara,Adama,M,2006-03-22,2024-09-22,actif
481,Ouattara,Seydou,M,2010-06-01,2023-04-10,actif
482,Diabaté,Seydou,F,2011-03-02,2023-09-29,actif
483,Bamba,Issa,F,2010-03-02,2022-05-14,actif
484,Diabaté,Aminata,M,2008-12-19,2023-12-11,actif
485,Bamba,Ibrahim,F,2007-01-28,2021-02-09,actif
486,Diabaté,Seydou,F,2010-02-12,2022-10-16,abandonné
487,Traoré,Mariam,F,2004-06-17,2024-03-10,actif
488,Ouattara,Seydou,M,2007-03-27,2021-06-01,actif
489,Coulibaly,Seydou,M,2006-06-26,2023-06-24,actif
490,Bamba,Seydou,F,2006-01-17,2023-07-19,actif
491,Kouassi,Issa,M,2010-04-08,2021-07-23,actif
492,Bamba,Aminata,F,2007-07-17,2023-03-29,abandonné
493,Coulibaly,Issa,M,2008-04-07,2023-11-17,actif
494,Diabaté,Awa,F,2008-03-05,2022-02-22,abandonné
495,Bamba,Issa,F,2009-11-26,2022-01-01,actif
496,Yao,Mariam,M,2006-12-07,2022-12-01,abandonné
497,Traoré,Mariam,F,2005-01-05,2024-09-01,actif
498,Ouattara,Issa,M,2009-01-02,2023-08-25,actif
499,Coulibaly,Aminata,M,2008-01-22,2021-08-22,actif
500,Ouattara,Adama,F,2007-04-22,2024-02-28,diplômé
501,Yao,Ibrahim,F,2011-02-26,2021-04-23,actif
502,Bamba,Aminata,M,2008-03-06,2021-04-15,actif
503,Bamba,Issa,F,2007-11-26,2024-04-29,diplômé
504,Kouassi,Seydou,F,2009-04-08,2020-10-19,abandonné
505,Yao,Fatou,F,2006-05-24,2020-12-27,actif
506,Coulibaly,Ibrahim,F,2008-05-04,2020-10-24,abandonné
507,Kouassi,Ibrahim,F,2010-06-16,2022-03-19,actif
508,Traoré,Mariam,M,2007-03-27,2023-08-04,actif
509,Kouassi,Ibrahim,M,2006-03-17,2020-10-23,actif
510,Koné,Issa,F,2011-12-10,2022-03-12,diplômé
511,Coulibaly,Seydou,F,2011-10-21,2023-10-01,diplômé
512,Koné,Seydou,F,2005-02-28,2023-01-16,actif
513,Yao,Awa,M,2007-05-18,2021-10-03,actif
514,Diabaté,Seydou,F,2009-04-09,2023-11-06,actif
515,Koné,Aminata,M,2005-07-11,2022-07-07,diplômé
516,Traoré,Seydou,M,2005-08-31,2021-09-22,diplômé
517,Kouassi,Mariam,M,2004-11-14,2020-12-20,actif
518,Diabaté,Seydou,F,2008-02-18,2022-05-07,abandonné
519,Kouassi,Awa,M,2007-02-01,2020-09-17,abandonné
520,Koné,Fatou,F,2005-10-04,2023-12-20,actif
521,Kouassi,Issa,M,2004-01-20,2023-02-01,actif
522,Yao,Mariam,F,2009-06-03,2022-02-23,actif
523,Diabaté,Aminata,M,2006-03-09,2021-02-18,actif
524,Yao,Fatou,F,2010-08-02,2021-10-14,actif
525,Koné,Mariam,M,2010-05-23,2022-09-10,actif
526,Yao,Adama,F,2007-08-20,2024-07-03,diplômé
527,Traoré,Ibrahim,F,2005-08-01,2023-12-26,actif
528,Koné,Adama,F,2010-03-20,2023-01-06,actif
529,Koné,Seydou,F,2008-08-01,2021-04-18,actif
530,Koné,Fatou,M,2010-04-26,2020-12-28,actif
531,Coulibaly,Seydou,M,2010-04-02,2023-11-24,actif
532,Kouassi,Ibrahim,F,2010-09-27,2022-10-24,actif
533,Coulibaly,Mariam,M,2011-06-17,2021-12-09,actif
534,Coulibaly,Ibrahim,F,2004-02-27,2020-12-13,actif
535,Traoré,Awa,F,2005-10-11,2022-07-30,actif
536,Diabaté,Ibrahim,M,2008-01-26,2021-02-22,actif
537,Kouassi,Awa,F,2005-03-07,2022-09-15,abandonné
538,Yao,Ibrahim,F,2011-09-05,2024-08-15,actif
539,Bamba,Issa,M,2007-09-11,2023-11-02,actif
540,Koné,Awa,F,2007-02-13,2024-07-16,abandonné
541,Yao,Fatou,F,2007-04-07,2022-06-27,actif
542,Koné,Seydou,F,2009-02-11,2020-10-03,actif
543,Traoré,Aminata,F,2010-08-15,2020-10-25,abandonné
544,Koné,Seydou,M,2009-09-19,2022-02-01,actif
545,Coulibaly,Adama,M,2004-06-15,2022-09-26,actif
546,Kouassi,Seydou,M,2007-10-06,2020-09-12,abandonné
547,Bamba,Mariam,F,2011-03-30,2022-08-21,abandonné
548,Ouattara,Issa,F,2008-06-26,2022-03-09,diplômé
549,Koné,Ibrahim,M,2005-07-16,2021-09-08,actif
550,Yao,Adama,F,2010-11-03,2021-12-28,actif
551,Coulibaly,Mariam,F,2006-09-24,2023-05-01,actif
552,Ouattara,Mariam,F,2008-09-24,2024-02-04,actif
553,Bamba,Awa,F,2010-03-15,2022-05-16,actif
554,Ouattara,Seydou,M,2009-01-08,2021-07-04,actif
555,Coulibaly,Fatou,M,2009-10-24,2021-12-01,diplômé
556,Kouassi,Aminata,M,2008-06-12,2021-02-07,actif
557,Kouassi,Fatou,F,2009-03-26,2021-07-28,actif
558,Diabaté,Adama,M,2007-03-13,2022-10-16,actif
559,Kouassi,Issa,M,2004-02-24,2021-04-13,actif
560,Diabaté,Fatou,F,2005-02-16,2023-05-11,actif
561,Ouattara,Ibrahim,F,2004-08-25,2022-08-30,actif
562,Traoré,Fatou,M,2010-04-14,2024-09-19,actif
563,Yao,Adama,M,2005-07-29,2023-08-05,actif
564,Yao,Aminata,M,2011-02-11,2024-01-21,diplômé
565,Ouattara,Fatou,M,2005-11-12,2023-08-19,diplômé
566,Koné,Ibrahim,F,2004-09-24,2022-06-06,actif
567,Koné,Awa,M,2008-09-19,2022-05-09,actif
568,Kouassi,Issa,M,2005-12-02,2021-03-14,diplômé
569,Yao,Adama,F,2011-12-31,2022-01-02,diplômé
570,Yao,Awa,M,2011-09-16,2021-02-04,actif
571,Diabaté,Awa,F,2011-10-10,2022-05-03,abandonné
572,Traoré,Awa,F,2004-04-23,2024-02-02,actif
573,Coulibaly,Mariam,F,2005-12-29,2021-10-17,abandonné
574,Koné,Issa,M,2006-02-09,2024-01-12,diplômé
575,Yao,Aminata,M,2008-08-07,2023-09-08,actif
576,Diabaté,Seydou,F,2007-05-09,2023-10-23,diplômé
577,Bamba,Issa,M,2005-01-08,2021-12-15,actif
578,Diabaté,Mariam,M,2011-04-11,2024-01-25,diplômé
579,Koné,Seydou,F,2006-06-25,2022-01-29,actif
580,Koné,Issa,F,2007-04-17,2023-10-03,abandonné
581,Diabaté,Awa,M,2007-04-11,2021-09-28,actif
582,Coulibaly,Adama,F,2010-09-17,2022-05-24,actif
583,Ouattara,Seydou,M,2005-09-03,2022-05-01,actif
584,Koné,Ibrahim,M,2004-10-01,2023-05-08,diplômé
585,Diabaté,Ibrahim,M,2005-02-01,2021-11-08,abandonné
586,Yao,Fatou,M,2006-05-17,2024-05-17,diplômé
587,Diabaté,Seydou,F,2007-01-12,2023-11-11,diplômé
588,Traoré,Adama,F,2005-10-29,2022-02-22,actif
589,Ouattara,Aminata,F,2004-01-16,2021-06-05,actif
590,Bamba,Mariam,F,2010-05-09,2021-04-21,actif
591,Coulibaly,Awa,M,2005-03-04,2023-09-19,actif
592,Kouassi,Fatou,M,2008-04-18,2024-01-06,actif
593,Bamba,Ibrahim,F,2010-01-21,2021-08-28,actif
594,Ouattara,Mariam,M,2004-06-06,2024-09-04,actif
595,Ouattara,Mariam,M,2006-09-26,2020-09-26,actif
596,Ouattara,Awa,M,2007-06-11,2023-07-16,actif
597,Bamba,Aminata,F,2005-09-17,2024-07-19,actif
598,Yao,Aminata,F,2004-04-11,2022-01-20,diplômé
599,Ouattara,Seydou,F,2010-08-11,2024-04-17,abandonné
600,Diabaté,Ibrahim,M,2008-02-28,2024-05-25,diplômé
601,Bamba,Aminata,F,2004-09-03,2021-05-25,actif
602,Kouassi,Adama,F,2009-05-08,2021-12-05,actif
603,Ouattara,Aminata,F,2011-10-10,2021-11-30,abandonné
604,Diabaté,Mariam,F,2008-11-20,2024-06-15,actif
605,Yao,Awa,F,2010-01-25,2023-08-28,actif
606,Traoré,Adama,F,2006-05-11,2023-06-04,actif
607,Yao,Seydou,M,2007-12-19,2023-01-11,actif
608,Kouassi,Ibrahim,M,2010-07-15,2024-08-06,actif
609,Ouattara,Seydou,F,2011-10-08,2022-01-04,actif
610,Kouassi,Mariam,F,2006-06-03,2023-08-09,actif
611,Bamba,Adama,M,2005-05-13,2022-03-18,actif
612,Koné,Adama,M,2004-08-14,2023-10-01,actif
613,Ouattara,Adama,F,2009-07-08,2021-04-04,abandonné
614,Koné,Mariam,F,2008-09-21,2024-09-01,actif
615,Diabaté,Mariam,F,2008-05-13,2022-03-13,actif
616,Traoré,Seydou,F,2004-07-29,2021-02-06,diplômé
617,Coulibaly,Fatou,M,2009-03-01,2022-01-02,actif
618,Kouassi,Seydou,F,2004-12-29,2022-07-18,actif
619,Yao,Ibrahim,F,2005-12-30,2024-02-18,actif
620,Traoré,Awa,F,2011-08-01,2022-11-03,actif
621,Ouattara,Adama,F,2006-08-04,2020-09-05,actif
622,Koné,Fatou,M,2010-08-14,2021-08-27,abandonné
623,Yao,Awa,M,2008-05-10,2021-12-03,actif
624,Koné,Fatou,M,2005-03-17,2021-05-06,actif
625,Bamba,Aminata,F,2006-10-13,2023-04-04,actif
626,Koné,Aminata,F,2005-10-04,2021-10-27,actif
627,Bamba,Issa,M,2009-06-05,2020-09-15,actif
628,Diabaté,Aminata,F,2008-09-04,2022-09-06,actif
629,Yao,Seydou,F,2010-08-06,2023-10-21,actif
630,Yao,Aminata,M,2004-07-08,2021-06-04,actif
631,Coulibaly,Mariam,M,2004-06-11,2021-11-27,actif
632,Ouattara,Adama,M,2006-06-29,2024-07-15,actif
633,Bamba,Seydou,M,2010-02-03,2024-04-10,abandonné
634,Coulibaly,Awa,F,2011-02-10,2022-04-21,actif
635,Koné,Issa,F,2007-11-03,2021-11-20,actif
636,Koné,Issa,M,2009-12-04,2021-03-29,actif
637,Coulibaly,Issa,F,2006-11-10,2022-08-15,abandonné
638,Yao,Awa,M,2007-03-16,2021-06-29,actif
639,Koné,Awa,M,2005-10-06,2024-01-30,actif
640,Kouassi,Awa,F,2009-06-25,2020-09-03,abandonné
641,Diabaté,Awa,M,2005-05-30,2023-05-18,diplômé
642,Diabaté,Issa,F,2011-09-30,2023-09-22,actif
643,Kouassi,Issa,F,2010-11-21,2022-02-02,actif
644,Coulibaly,Fatou,F,2008-04-17,2024-08-22,abandonné
645,Kouassi,Seydou,F,2009-05-19,2022-01-06,diplômé
646,Bamba,Adama,M,2007-12-16,2024-02-11,diplômé
647,Bamba,Aminata,F,2011-09-28,2022-05-13,actif
648,Coulibaly,Aminata,M,2008-12-12,2023-11-29,actif
649,Kouassi,Mariam,M,2004-10-15,2021-07-28,actif
650,Bamba,Issa,M,2007-07-31,2021-07-30,abandonné
651,Yao,Mariam,M,2006-09-29,2020-10-20,actif
652,Kouassi,Seydou,F,2004-03-06,2023-01-11,actif
653,Yao,Seydou,F,2011-09-05,2021-05-30,abandonné
654,Bamba,Mariam,M,2004-06-04,2022-04-03,actif
655,Diabaté,Issa,M,2006-02-16,2024-02-28,diplômé
656,Bamba,Mariam,F,2009-07-20,2022-03-14,actif
657,Yao,Aminata,M,2004-05-27,2022-07-28,actif
658,Traoré,Fatou,F,2010-05-04,2023-09-19,actif
659,Ouattara,Aminata,M,2007-01-01,2021-11-20,abandonné
660,Koné,Ibrahim,F,2008-09-03,2023-06-14,actif
661,Kouassi,Issa,M,2004-12-08,2024-05-18,actif
662,Traoré,Issa,M,2007-05-08,2023-11-07,diplômé
663,Bamba,Adama,F,2005-07-10,2021-08-23,actif
664,Diabaté,Awa,M,2007-03-08,2021-06-01,actif
665,Coulibaly,Ibrahim,M,2008-01-04,2023-07-10,actif
666,Bamba,Seydou,F,2007-10-30,2021-07-08,actif
667,Diabaté,Issa,M,2006-10-21,2023-01-18,actif
668,Ouattara,Mariam,F,2011-05-23,2023-02-03,actif
669,Bamba,Ibrahim,F,2008-07-09,2021-02-01,actif
670,Yao,Adama,M,2011-01-21,2024-07-15,actif
671,Coulibaly,Seydou,M,2009-08-15,2024-03-07,actif
672,Diabaté,Awa,M,2011-11-09,2022-05-13,actif
673,Diabaté,Awa,M,2005-04-27,2023-01-31,actif
674,Diabaté,Adama,M,2006-10-29,2022-11-06,actif
675,Ouattara,Adama,M,2009-05-22,2021-01-03,actif
676,Bamba,Mariam,M,2007-02-08,2024-06-09,actif
677,Ouattara,Issa,F,2008-12-20,2024-03-20,actif
678,Kouassi,Awa,M,2005-09-09,2022-05-12,abandonné
679,Koné,Seydou,F,2006-11-29,2021-05-03,actif
680,Koné,Ibrahim,M,2009-07-26,2022-12-27,diplômé
681,Kouassi,Seydou,M,2009-07-29,2021-11-24,diplômé
682,Bamba,Fatou,F,2005-04-25,2023-03-19,actif
683,Yao,Fatou,M,2010-08-13,2024-02-23,actif
684,Ouattara,Adama,M,2007-05-14,2022-02-02,actif
685,Coulibaly,Mariam,F,2005-09-08,2023-11-09,abandonné
686,Diabaté,Fatou,M,2009-08-07,2021-08-28,actif
687,Diabaté,Awa,M,2004-03-31,2020-09-08,actif
688,Bamba,Seydou,M,2006-12-20,2021-12-22,actif
689,Yao,Seydou,F,2005-02-15,2024-06-07,abandonné
690,Koné,Adama,M,2010-02-07,2022-01-08,abandonné
691,Koné,Issa,M,2009-05-22,2022-12-12,actif
692,Diabaté,Issa,M,2007-04-10,2024-08-21,actif
693,Bamba,Ibrahim,M,2011-11-24,2023-07-30,actif
694,Ouattara,Adama,F,2009-07-09,2022-04-16,actif
695,Koné,Aminata,F,2007-02-04,2021-03-06,diplômé
696,Ouattara,Ibrahim,M,2005-05-27,2022-09-24,actif
697,Yao,Aminata,M,2007-01-30,2020-12-02,actif
698,Koné,Issa,F,2008-11-29,2020-11-25,actif
699,Koné,Adama,F,2008-03-24,2023-08-04,diplômé
700,Traoré,Aminata,M,2008-10-07,2021-01-15,abandonné
701,Koné,Adama,F,2010-12-10,2021-10-26,actif
702,Kouassi,Adama,M,2010-09-27,2020-11-13,abandonné
703,Coulibaly,Issa,F,2004-06-02,2023-11-24,actif
704,Kouassi,Ibrahim,F,2010-04-12,2024-03-02,actif
705,Bamba,Ibrahim,F,2011-08-03,2021-02-18,actif
706,Bamba,Adama,F,2005-05-30,2021-02-17,actif
707,Ouattara,Fatou,M,2009-03-24,2023-01-20,actif
708,Kouassi,Mariam,F,2009-04-20,2021-07-19,diplômé
709,Kouassi,Issa,F,2004-10-01,2021-11-30,actif
710,Kouassi,Mariam,M,2010-07-20,2023-04-02,actif
711,Yao,Mariam,F,2011-10-11,2022-10-30,actif
712,Koné,Ibrahim,F,2007-06-22,2022-05-06,actif
713,Coulibaly,Ibrahim,M,2004-11-22,2023-11-23,diplômé
714,Ouattara,Fatou,F,2011-07-25,2023-02-06,actif
715,Kouassi,Mariam,M,2007-03-04,2021-08-15,actif
716,Kouassi,Mariam,M,2011-03-14,2024-09-14,abandonné
717,Traoré,Adama,M,2007-09-08,2023-12-11,actif
718,Ouattara,Ibrahim,M,2006-05-04,2020-09-10,actif
719,Kouassi,Mariam,F,2011-05-01,2022-09-10,actif
720,Ouattara,Seydou,M,2009-10-02,2024-03-12,actif
721,Koné,Fatou,F,2008-04-29,2024-09-01,diplômé
722,Traoré,Aminata,F,2010-11-13,2024-02-23,abandonné
723,Ouattara,Seydou,F,2007-06-13,2022-06-29,actif
724,Coulibaly,Seydou,F,2006-10-13,2022-02-28,abandonné
725,Coulibaly,Aminata,F,2011-09-22,2021-01-07,actif
726,Bamba,Issa,F,2009-11-16,2022-04-24,actif
727,Traoré,Issa,F,2008-06-09,2022-04-28,actif
728,Traoré,Fatou,F,2007-11-04,2021-07-24,actif
729,Bamba,Seydou,F,2011-03-30,2023-05-08,actif
730,Ouattara,Mariam,F,2011-05-22,2021-10-09,actif
731,Traoré,Ibrahim,M,2007-07-22,2022-05-22,diplômé
732,Coulibaly,Fatou,M,2004-11-04,2024-06-14,actif
733,Coulibaly,Adama,M,2004-08-14,2022-08-19,actif
734,Kouassi,Aminata,F,2009-11-30,2023-07-08,actif
735,Koné,Seydou,M,2008-08-09,2021-06-01,actif
736,Traoré,Fatou,M,2007-02-10,2022-07-17,actif
737,Ouattara,Awa,M,2009-07-15,2020-12-25,actif
738,Bamba,Awa,F,2009-03-09,2023-01-09,abandonné
739,Bamba,Issa,F,2005-09-21,2022-07-25,actif
740,Ouattara,Aminata,F,2011-01-02,2023-09-20,actif
741,Yao,Ibrahim,F,2010-12-27,2023-09-11,actif
742,Diabaté,Mariam,M,2011-05-05,2021-07-21,actif
743,Koné,Ibrahim,M,2004-04-19,2023-04-19,actif
744,Bamba,Ibrahim,M,2008-03-26,2020-12-23,abandonné
745,Traoré,Ibrahim,M,2011-04-30,2023-08-18,actif
746,Koné,Aminata,F,2007-05-07,2021-02-01,actif
747,Traoré,Ibrahim,F,2009-09-12,2024-07-29,actif
748,Yao,Adama,F,2007-07-02,2024-03-13,actif
749,Coulibaly,Aminata,M,2005-01-16,2021-07-12,actif
750,Koné,Adama,F,2008-03-02,2023-08-01,abandonné
751,Kouassi,Aminata,F,2009-06-07,2020-12-14,actif
752,Bamba,Issa,M,2007-09-25,2023-12-31,abandonné
753,Koné,Fatou,M,2004-02-04,2024-07-26,actif
754,Koné,Awa,F,2010-09-24,2024-03-25,abandonné
755,Koné,Ibrahim,F,2005-03-05,2021-08-20,actif
756,Diabaté,Issa,F,2008-02-19,2023-06-13,actif
757,Koné,Fatou,F,2005-09-12,2022-09-03,actif
758,Traoré,Awa,F,2004-05-28,2022-08-10,diplômé
759,Coulibaly,Seydou,F,2008-11-20,2024-03-03,actif
760,Yao,Mariam,M,2005-10-31,2022-06-13,actif
761,Ouattara,Adama,M,2006-10-03,2022-12-03,actif
762,Koné,Seydou,M,2004-12-22,2023-04-05,abandonné
763,Bamba,Aminata,F,2004-06-20,2022-06-23,actif
764,Koné,Awa,M,2004-07-19,2020-12-08,abandonné
765,Bamba,Seydou,F,2006-11-20,2022-04-11,actif
766,Traoré,Mariam,F,2006-02-04,2021-06-09,actif
767,Bamba,Issa,M,2007-08-04,2021-10-08,actif
768,Kouassi,Awa,F,2009-03-06,2023-10-08,diplômé
769,Ouattara,Seydou,F,2010-01-08,2022-08-01,actif
770,Coulibaly,Adama,M,2005-10-28,2021-03-18,diplômé
771,Bamba,Adama,M,2007-12-09,2024-04-19,actif
772,Bamba,Fatou,M,2005-11-28,2021-07-24,actif
773,Coulibaly,Seydou,F,2010-03-17,2021-02-01,actif
774,Ouattara,Ibrahim,M,2009-06-23,2022-03-06,actif
775,Koné,Seydou,M,2006-02-16,2021-10-10,abandonné
776,Bamba,Issa,F,2009-01-15,2021-12-06,diplômé
777,Coulibaly,Awa,M,2006-12-27,2021-01-10,diplômé
778,Kouassi,Awa,M,2010-05-27,2022-10-31,abandonné
779,Kouassi,Issa,M,2009-01-26,2023-01-22,actif
780,Traoré,Seydou,F,2007-11-04,2020-11-23,actif
781,Coulibaly,Issa,F,2008-04-02,2024-07-24,diplômé
782,Traoré,Mariam,F,2007-08-20,2022-09-24,actif
783,Kouassi,Aminata,F,2005-01-21,2022-05-21,abandonné
784,Ouattara,Issa,M,2007-11-03,2023-10-08,abandonné
785,Koné,Adama,F,2010-02-07,2021-04-09,actif
786,Coulibaly,Issa,F,2004-10-02,2022-03-07,diplômé
787,Yao,Awa,M,2005-06-06,2024-06-23,actif
788,Kouassi,Adama,M,2009-06-28,2023-11-15,actif
789,Kouassi,Awa,M,2005-05-12,2020-12-21,actif
790,Yao,Fatou,F,2008-11-06,2022-05-08,actif
791,Diabaté,Ibrahim,F,2006-12-14,2023-03-13,actif
792,Kouassi,Awa,F,2009-01-28,2021-12-19,actif
793,Bamba,Adama,M,2011-09-17,2022-12-15,abandonné
794,Ouattara,Fatou,M,2005-03-17,2021-05-29,diplômé
795,Coulibaly,Awa,F,2009-03-08,2021-10-26,actif
796,Yao,Mariam,M,2009-12-08,2022-08-08,actif
797,Bamba,Issa,M,2009-07-13,2024-06-22,diplômé
798,Yao,Ibrahim,M,2006-06-11,2024-03-27,actif
799,Coulibaly,Awa,F,2011-12-13,2024-03-30,actif
800,Traoré,Fatou,M,2010-12-27,2020-10-10,actif
801,Coulibaly,Mariam,M,2007-09-14,2021-03-08,actif
802,Diabaté,Seydou,F,2009-03-13,2023-12-02,actif
803,Coulibaly,Fatou,F,2004-03-27,2023-05-22,diplômé
804,Coulibaly,Issa,M,2010-09-19,2022-02-18,actif
805,Diabaté,Fatou,M,2008-08-01,2023-06-25,actif
806,Ouattara,Mariam,F,2006-06-02,2021-06-17,actif
807,Kouassi,Fatou,F,2005-07-29,2021-11-07,actif
808,Coulibaly,Mariam,M,2006-03-02,2021-12-15,actif
809,Diabaté,Awa,M,2005-09-25,2023-12-19,abandonné
810,Bamba,Aminata,M,2006-09-19,2024-02-24,abandonné
811,Traoré,Mariam,M,2005-08-06,2022-05-21,actif
812,Traoré,Mariam,F,2009-10-10,2021-06-06,diplômé
813,Coulibaly,Ibrahim,M,2007-05-16,2023-01-25,abandonné
814,Ouattara,Mariam,M,2005-12-28,2022-04-04,abandonné
815,Ouattara,Mariam,F,2011-04-03,2023-01-11,actif
816,Bamba,Seydou,M,2005-04-19,2021-05-12,actif
817,Coulibaly,Aminata,F,2004-08-28,2021-02-28,actif
818,Traoré,Awa,M,2005-12-21,2022-07-13,actif
819,Ouattara,Issa,M,2004-05-21,2022-12-04,actif
820,Coulibaly,Ibrahim,F,2008-10-17,2022-08-01,actif
821,Yao,Seydou,F,2009-08-25,2022-03-20,diplômé
822,Ouattara,Adama,M,2004-12-05,2024-05-12,diplômé
823,Diabaté,Aminata,M,2007-11-08,2024-06-12,diplômé
824,Yao,Awa,M,2010-06-26,2022-07-12,actif
825,Kouassi,Awa,F,2009-05-21,2021-09-26,actif
826,Ouattara,Adama,M,2004-07-07,2023-09-14,actif
827,Traoré,Issa,F,2009-02-18,2024-05-03,actif
828,Koné,Mariam,F,2011-10-29,2021-03-31,actif
829,Yao,Seydou,M,2009-07-09,2021-09-19,actif
830,Kouassi,Fatou,F,2009-05-16,2021-08-08,actif
831,Bamba,Ibrahim,M,2008-02-12,2022-12-23,abandonné
832,Bamba,Fatou,M,2007-12-19,2023-07-29,actif
833,Traoré,Adama,M,2006-03-31,2021-10-25,abandonné
834,Ouattara,Awa,M,2006-10-22,2022-09-21,actif
835,Coulibaly,Issa,M,2004-12-06,2023-12-07,actif
836,Ouattara,Awa,F,2009-09-02,2024-05-29,actif
837,Traoré,Ibrahim,F,2004-07-10,2021-07-03,actif
838,Bamba,Awa,M,2008-11-13,2022-08-03,actif
839,Ouattara,Awa,M,2008-04-15,2023-01-17,actif
840,Bamba,Ibrahim,F,2005-12-29,2022-02-19,actif
841,Yao,Seydou,F,2011-11-06,2023-10-11,actif
842,Kouassi,Seydou,F,2008-08-20,2024-08-05,actif
843,Coulibaly,Ibrahim,F,2005-09-22,2021-03-25,diplômé
844,Yao,Issa,M,2007-12-10,2023-12-23,actif
845,Bamba,Adama,M,2004-02-06,2024-07-07,abandonné
846,Bamba,Aminata,F,2010-11-01,2022-01-09,actif
847,Koné,Awa,M,2007-02-10,2024-07-04,diplômé
848,Koné,Issa,F,2008-01-17,2023-08-07,abandonné
849,Yao,Awa,M,2007-12-10,2022-01-17,actif
850,Diabaté,Aminata,F,2007-10-04,2023-07-13,actif
